feature,selected
duration,1
protocol_type,1
service,1
flag,1
src_bytes,1
dst_bytes,1
land,1
wrong_fragment,1
urgent,1
hot,1
num_failed_logins,1
logged_in,1
num_compromised,1
root_shell,1
su_attempted,1
num_root,1
num_file_creations,1
num_shells,1
num_access_files,1
num_outbound_cmds,1
is_host_login,1
is_guest_login,1
count,1
srv_count,1
serror_rate,1
srv_serror_rate,1
rerror_rate,1
srv_rerror_rate,1
same_srv_rate,1
diff_srv_rate,1
srv_diff_host_rate,1
dst_host_count,1
dst_host_srv_count,1
dst_host_same_srv_rate,1
dst_host_diff_srv_rate,1
dst_host_same_src_port_rate,1
dst_host_srv_diff_host_rate,1
dst_host_serror_rate,1
dst_host_srv_serror_rate,1
dst_host_rerror_rate,1
dst_host_srv_rerror_rate,1
