iteration,fitness,selected_features
1,0.007367439024390193,16
2,0.007367439024390193,16
3,0.007367439024390193,16
4,0.007367439024390193,16
5,0.007367439024390193,16
6,0.007367439024390193,16
7,0.007367439024390193,16
8,0.007367439024390193,16
9,0.007367439024390193,16
10,0.007367439024390193,16
11,0.007367439024390193,16
12,0.007367439024390193,16
13,0.007367439024390193,16
14,0.007367439024390193,16
15,0.007367439024390193,16
16,0.007367439024390193,16
17,0.007367439024390193,16
18,0.007367439024390193,16
19,0.007367439024390193,16
20,0.007367439024390193,16
