feature,importance
service,0.062410956137629627
flag,0.12324988451155973
src_bytes,0.290202651753361
dst_bytes,0.21648619515789044
logged_in,0.07258123048433744
num_root,0.0006117396153906714
num_shells,1.8514626401239516e-05
num_access_files,1.453006314699044e-05
is_host_login,0.0
is_guest_login,0.0013424985044926594
rerror_rate,0.005263968963143718
diff_srv_rate,0.0939698765075479
srv_diff_host_rate,0.009915467222576363
dst_host_diff_srv_rate,0.07159159023483594
dst_host_srv_diff_host_rate,0.04297785485186425
dst_host_srv_rerror_rate,0.009363041365822049
